species,qseqid,sseqid,pident,length,mismatch,gapopen,qstart,qend,sstart,send,evalue,bitscore,slen,stitle,orf,start,end,orf_l
SARS_CoV2,lcl|ORF1_MN988668:264:13481,gb:QHD43415|ncbiId:QHD43415.1|UniProtKB:-N/A-|Organism:Wuhan,100,4401,0,0,1,4401,1,4401,0,9137,7096,seafood market pneumonia virus|Strain Name:Wuhan-Hu-1|Protein Name:orf1ab polyprotein|Gene Symbol:orf1ab,ORF1,264,13481,13218
SARS_CoV2,lcl|ORF100_MN988668:25391:26218,gb|QIE07452|,100,275,0,0,1,275,1,275,0,568,275,|ORF3a protein [Severe acute respiratory syndrome coronavirus 2],ORF100,25391,26218,828
SARS_CoV2,lcl|ORF101_MN988668:26243:26470,gb|QIE07453|,100,75,0,0,1,75,1,75,1.44E-48,144,75,|envelope protein [Severe acute respiratory syndrome coronavirus 2],ORF101,26243,26470,228
SARS_CoV2,lcl|ORF102_MN988668:27200:27385,gb|QIE07455|,100,61,0,0,1,61,1,61,2.54E-40,122,61,|ORF6 protein [Severe acute respiratory syndrome coronavirus 2],ORF102,27200,27385,186
SARS_CoV2,lcl|ORF103_MN988668:27392:27757,gb|QIE07456|,100,121,0,0,1,121,1,121,1.50E-88,248,121,|ORF7a protein [Severe acute respiratory syndrome coronavirus 2],ORF103,27392,27757,366
SARS_CoV2,lcl|ORF27_MN988668:21534:25382,gb:QHR63290|ncbiId:QHR63290.1|UniProtKB:-N/A-|Organism:Wuhan,100,1282,0,0,1,1282,1,1282,0,2657,1282,seafood market pneumonia virus|Strain Name:WIV07|Protein Name:spike glycoprotein|Gene Symbol:S,ORF27,21534,25382,3849
SARS_CoV2,lcl|ORF32_MN988668:26181:26279,gi|41352897|gb|AAS01066.1|,87.5,32,4,0,1,32,77,108,1.07E-10,60.1,108,"orf4, partial [SARS coronavirus CUHK-L2]",ORF32,26181,26279,99
SARS_CoV2,lcl|ORF35_MN988668:28272:29531,dbj|BCA87368|,100,419,0,0,1,419,1,419,0,854,419,|nucleocapsid phosphoprotein [Severe acute respiratory syndrome coronavirus 2],ORF35,28272,29531,1260
SARS_CoV2,lcl|ORF36_MN988668:29556:29672,gb|QIE07459|,100,38,0,0,1,38,1,38,1.34E-23,78.6,38,|ORF10 protein [Severe acute respiratory syndrome coronavirus 2],ORF36,29556,29672,117
SARS_CoV2,lcl|ORF90_MN988668:26521:27189,gb|QIG55997|,100,222,0,0,1,222,1,222,7.50E-166,452,222,|membrane glycoprotein [Severe acute respiratory syndrome coronavirus 2],ORF90,26521,27189,669
SARS_CoV2,lcl|ORF91_MN988668:27754:27885,gb|QHR63266|,100,43,0,0,1,43,1,43,1.78E-25,83.6,43,|nonstructural protein NS7b [Severe acute respiratory syndrome coronavirus 2],ORF91,27754,27885,132
SARS_CoV2,lcl|ORF92_MN988668:27892:28257,dbj|BCA87367|,100,121,0,0,1,121,1,121,8.06E-90,251,121,|ORF8 protein [Severe acute respiratory syndrome coronavirus 2],ORF92,27892,28257,366
SARS_CoV2,lcl|ORF93_MN988668:28282:28575,AAY88875|ncbiId:AAY88875.1|UniProtKB:Q3LZX3|Organism:Bat,74.227,97,25,0,1,97,1,97,1.54E-47,147,97,SARS coronavirus HKU3-1|Strain Name:HKU3-1|Protein Name:hypothetical protein orf9b|Gene Symbol:N,ORF93,28282,28575,294
SARS_CoV2,lcl|ORF94_MN988668:28732:28953,AAZ67042|ncbiId:AAZ67042.1|UniProtKB:Q3I5K4|Organism:Bat,80,70,14,0,1,70,1,70,1.29E-32,108,70,SARS CoV Rm1/2004|Strain Name:Rm1|Protein Name:ORF9b,ORF94,28732,28953,222
SARS_CoV2,lcl|ORF97_MN988668:13766:21553,gb|QIE07460|,99.961,2595,1,0,1,2595,4502,7096,0,5463,7096,|orf1ab polyprotein [Severe acute respiratory syndrome coronavirus 2],ORF97,13766,21553,7788
